churn,AVG(monthly_charges)
No,61.30740850922582
Yes,74.44133227059011
